	Class	conditional_prob
0	2.0	0.8888888888888888
1	1.0	0.5555555555555556
2	2.0	0.7777777777777778
3	1.0	0.6666666666666666
4	1.0	0.8888888888888888
5	2.0	0.5555555555555556
6	1.0	0.6666666666666666
7	5.0	0.4444444444444444
8	7.0	1.0
9	1.0	0.8888888888888888
